planet,quantity,published,published_uncertainty,recovered,recovered_uncertainty,sigma_difference
b,epoch_bjd,2458572.113,0.00335,2458572.111,0.002861339736,0.332479
b,period_days,3.79523,0.000455,3.79576644,0.0003848563508,0.900164
b,depth,0.000302,3.1e-05,0.0002771569479,2.323607211e-05,0.641249
b,duration_days,0.09583333333,0.005625,0.1003656902,0.006520782823,0.526303
c,epoch_bjd,2458572.395,0.00225,2458572.395,0.00253208324,0.149263
c,period_days,6.2037,0.00058,6.204000559,0.0005426803038,0.378398
c,depth,0.000517,3.8e-05,0.0004693989346,2.554609737e-05,1.039582
c,duration_days,0.121375,0.003958333333,0.1309667797,0.006223565305,1.300454
d,epoch_bjd,2458571.337,0.0014,2458571.337,0.001824766525,0.274291
d,period_days,14.17555,0.001045,14.17642449,0.002648159423,0.307173
d,depth,0.000889,5.3e-05,0.0009517361051,4.162664947e-05,0.930903
d,duration_days,0.1555833333,0.002395833333,0.1587666874,0.005199714575,0.556032
e,epoch_bjd,2458586.568,0.0014,2458586.566,0.001103491234,0.749537
e,period_days,19.5917,0.0021,19.59249123,0.002200351669,0.260134
e,depth,0.001175,6.9e-05,0.001136384176,4.17080623e-05,0.478950
e,duration_days,0.1672083333,0.002854166667,0.1638535886,0.003460773794,0.747843
